<?xml version="1.0" encoding="UTF-8"?>
<skin version="0.2">
    <title xml:lang="ko">Content 확장 위젯 기본 스킨</title>
    <title xml:lang="vi">Skin mặc định Widget Nội dung</title>
    <title xml:lang="zh-CN">全局内容控件默认皮肤</title>
    <title xml:lang="zh-TW">内容預設面板</title>
    <title xml:lang="jp">コンテンツウィジェットのデフォルトスキン</title>
    <description xml:lang="ko">Content 확장 위젯 기본 스킨 입니다.
	원제작자: NHN (developers@xpressengine.com)
    </description>
    <version>2.4</version>
    <date>2010-11-27</date>
    <link>http://epmakes.com</link>

    <author email_address="chjh0628@naver.com" link="http://epmakes.com">
        <name xml:lang="ko">EPMakes</name>
    </author>

    <colorset>
        <color name="white">
            <title xml:lang="ko">흰색 바탕용</title>
            <title xml:lang="jp">白い背景用</title>
            <title xml:lang="zh-CN">白色背景</title>
            <title xml:lang="en">White Background</title>
            <title xml:lang="vi">Nền sáng</title>
            <title xml:lang="zh-TW">白色背景</title>
        </color>
        <color name="black">
            <title xml:lang="ko">어두운 바탕용</title>
            <title xml:lang="jp">暗い背景用</title>
            <title xml:lang="zh-CN">暗色背景</title>
            <title xml:lang="en">Dark Background</title>
            <title xml:lang="vi">Nền tối</title>
            <title xml:lang="zh-TW">黑色背景</title>
        </color>
    </colorset>
</skin>
