<query id="getNewestDocumentsRandom" action="select">
    <tables>
        <table name="documents" />
    </tables>
    <columns>
        <column name="*" />
    </columns>
    <conditions>
        <condition operation="notin" column="documents.module_srl" default="0" pipe="and" />
        <condition operation="in" column="documents.module_srl" var="module_srl" filter="number" notnull="notnull" pipe="and" />
        <condition operation="in" column="documents.category_srl" var="category_srl" pipe="and" />
        <condition operation="equal" column="documents.is_notice" var="is_notice" pipe="and" />
        <group pipe="and">
            <condition operation="more" column="documents.last_update" var="duration_article" pipe="and" />
        </group>
    </conditions>
    <navigation>
        <index  default="rand()" />
        <list_count var="list_count" default="50" />
        <page_count var="page_count" default="10" />
        <page var="page" default="1" />
    </navigation>
</query>