<query id="getNewestCommentList" action="select">
    <tables>
        <table name="comments" />
    </tables>
    <columns>
        <column name="*" />
    </columns>
    <conditions>
        <condition operation="in" column="module_srl" var="module_srl" filter="number" />
        <group pipe="and">
            <condition operation="more" column="last_update" var="duration_article" pipe="and" />
        </group>
    </conditions>
    <navigation>
        <index var="sort_index" default="comments.list_order" order="order_type" />
        <list_count var="list_count" default="50" />
        <page_count var="page_count" default="10" />
        <page var="page" default="1" />
    </navigation>
</query>
