<query action="select">
	<tables>
		<table name="point" alias="p" />
		<table name="member" alias="m" type="inner join">
			<conditions>
				<condition operation="equal" column="m.member_srl" default="p.member_srl" />
			</conditions>
		</table>
	</tables>
	<columns>
		<column name="p.member_srl" alias="member_srl" />
		<column name="p.point" alias="count" />
	</columns>
	<navigation>
		<index default="p.point" order="desc" />
		<list_count var="list_count" default="10" />
	</navigation>
</query>
