<query id="getAccusedCountForMemberSrlInComment" action="select">
	<tables>
		<table name="comment_declared" alias="accused" />
	</tables>
	<columns>
		<column name="count(*)" alias="count" />
		<column name="sum(declared_count)" alias="sum" />
	</columns>
	<conditions>
		<query operation="equal" column="comment_srl" alias="comment_srl">
			<tables>
				<table name="comments" alias="comments" />
			</tables>
			<columns>
				<column name="comment_srl" />
			</columns>
			<conditions>
				<condition operation="equal" column="comments.member_srl" var="member_srl" filter="number" notnull="notnull" />
				<condition operation="equal" column="comments.comment_srl" var="accused.comment_srl" pipe="and" />
			</conditions>
		</query>
	</conditions>
</query>

