<query id="getBlamedCountForMemberSrlInComment" action="select">
    <tables>
        <table name="comments" />
    </tables>
    <columns>
        <column name="count(*)" alias="count" />
        <column name="sum(blamed_count)" alias="sum" />
    </columns>
    <conditions>
		<condition operation="equal" column="member_srl" var="member_srl" filter="number" notnull="notnull" />
		<condition operation="less" column="blamed_count" default="-1" filter="number" pipe="and" />
    </conditions>
</query>