<query id="getFollower" action="select">
	<tables>
		<table name="member_follow" />
		<table name="member" type="left join" >
			<conditions>
				<condition operation="equal" column="member_follow.member_srl" default="member.member_srl" notnull="notnull" pipe="and"/>
			</conditions>
		</table>
	</tables>
	<columns>
		<column name="member.member_srl" alias="member_srl" />
		<column name="member.nick_name" alias="nick_name" />
		<column name="member.user_id" alias="user_id" />
		<column name="member.user_name" alias="user_name" />
	</columns>
	<conditions>
		<condition operation="equal" column="member_follow.target_srl" var="member_srl" notnull="notnull" />
	</conditions>
	<groups>
		<group column="member.member_srl" />
	</groups>
    <navigation>
        <index var="sort_index" default="rand()" order="asc" />
    </navigation>
</query>