<filter name="insert" module="board" act="procBoardInsertDocument" confirm_msg_code="confirm_submit">
	<form>
		<node target="nick_name" required="true" maxlength="20"/>
		<node target="password" required="true" />
		<node target="email_address" maxlength="250" required="true" filter="email" />
		<node target="title" required="true" minlength="1" maxlength="250" />
		<node target="content" required="true" minlength="1" />
		<node target="message" required="true" minlength="1" />
		<node target="category_srl" required="true" />
	</form>
	<response callback_func="completeDocumentInserted">
		<tag name="error" />
		<tag name="message" />
		<tag name="mid" />
		<tag name="document_srl" />
		<tag name="category_srl" />
	</response>
</filter>
