<query action="select">
	<tables>
		<table name="comments" alias="comments" />
		<table name="modules" alias="modules" type="left join">
			<conditions>
				<condition operation="equal" column="modules.module_srl" default="comments.module_srl" />
			</conditions>
		</table>
	</tables>
	<columns>
		<column name="count(comments.module_srl)" alias="count" />
		<column name="comments.module_srl" alias="module_srl" />
		<column name="modules.mid" />
		<column name="modules.browser_title" />
	</columns>
	<conditions>
		<condition operation="in" column="comments.member_srl" var="member_srl" notnull="notnull" />
	</conditions>
	<groups>
		<group column="module_srl" />
	</groups>
</query>

<!--
$query = sprintf(
			'SELECT c.document_srl, count(c.module_srl) `count`, c.module_srl, modules.mid, modules.browser_title
			FROM %scomments c
			LEFT JOIN %smodules modules
			ON modules.module_srl = c.module_srl
			WHERE c.member_srl = %d
			GROUP BY c.module_srl'
			,$old_db->prefix
			,$old_db->prefix
			,$member_srl
		);
-->
