<!--
내가 친추했다면. (=단방향/양방향 구분 없음.)
-->
<query action="select">
	<tables>
		<table name="member_friend" alias="f" />
		<table name="member" alias="m" type="left join">
			<conditions>
				<condition operation="equal" column="m.member_srl" default="f.member_srl" />
			</conditions>
		</table>
	</tables>
	<conditions>
		<condition operation="equal" column="f.target_srl" var="target_srl" filter="number" notnull="notnull" />
	</conditions>
	<navigation>
		<list_count var="list_count" />
	</navigation>
</query>
